"item_id","group","att_n","sentence_or_sentence_md5","honorificness_score","notes"
"101_pl",101,"pl","Yöneticilerin aşçısı mutfakta sürekli zıpladılar efendim.",2,NA
"101_sg",101,"sg","Yöneticinin aşçısı mutfakta sürekli zıpladılar efendim.",2,NA
"102_pl",102,"pl","Öğrencilerin ablası sınıfta birden bayıldılar efendim.",3,NA
"102_sg",102,"sg","Öğrencinin ablası sınıfta birden bayıldılar efendim.",3,NA
"103_pl",103,"pl","Marangozların abisi atölyeden hızla uzaklaştılar efendim.",3,NA
"103_sg",103,"sg","Marangozun abisi atölyeden hızla uzaklaştılar efendim.",3,NA
"104_pl",104,"pl","Mahallelinin emlakçısı aniden küstahça güldüler efendim.",3,NA
"104_sg",104,"sg","Mahallelinin emlakçısı aniden küstahça güldüler efendim.",3,NA
"105_pl",105,"pl","Kızların halası sabaha kadar ağladılar efendim.",3,NA
"105_sg",105,"sg","Kızların halası sabaha kadar ağladılar efendim.",3,NA
"106_pl",106,"pl","Damatların dayısı arada sırada sıkıldılar efendim.",3,NA
"106_sg",106,"sg","Damadın dayısı arada sırada sıkıldılar efendim.",3,NA
"107_pl",107,"pl","Doktorların çiçekçisi günden güne zayıfladılar efendim.",2,NA
"107_sg",107,"sg","Doktorun çiçekçisi günden güne zayıfladılar efendim.",2,NA
"108_pl",108,"pl","Stajyerlerin eniştesi geceden önce uyudular efendim.",3,NA
"108_sg",108,"sg","Stajyerin eniştesi geceden önce uyudular efendim.",3,NA
"109_pl",109,"pl","Aristokratların hizmetçisi yorgun argın yattılar efendim.",1,NA
"109_sg",109,"sg","Aristokratın hizmetçisi yorgun argın yattılar efendim.",1,NA
"110_pl",110,"pl","Konuşmacıların sunucusu olağanüstü hızlı koştular efendim.",3,NA
"110_sg",110,"sg","Konuşmacının sunucusu olağanüstü hızlı koştular efendim.",3,NA
"111_pl",111,"pl","Psikiyatristlerin eczacısı aç susuz dolaştılar efendim.",4,NA
"111_sg",111,"sg","Psikiyatristin eczacısı aç susuz dolaştılar efendim.",4,NA
"112_pl",112,"pl","Politikacıların hocası adliyeden çabucak çıktılar efendim.",5,NA
"112_sg",112,"sg","Politikacının hocası adliyeden çabucak çıktılar efendim.",5,NA
"113_pl",113,"pl","Hakimlerin çaycısı nedensiz yere kızdılar efendim.",1,NA
"113_sg",113,"sg","Hakimin çaycısı nedensiz yere kızdılar efendim.",1,NA
"114_pl",114,"pl","Oyuncuların hemşiresi etrafta amaçsızca gezdiler efendim.",4,NA
"114_sg",114,"sg","Oyuncunun hemşiresi etrafta amaçsızca gezdiler efendim.",4,NA
"115_pl",115,"pl","Öğretmenlerin müdiresi biraz önce aradılar efendim.",5,NA
"115_sg",115,"sg","Öğretmenin müdiresi biraz önce aradılar efendim.",5,NA
"116_pl",116,"pl","Milyonerlerin terzisi tamamen gereksizce bağırdılar efendim.",2,NA
"116_sg",116,"sg","Milyonerin terzisi tamamen gereksizce bağırdılar efendim.",2,NA
"117_pl",117,"pl","Bebeklerin bakıcısı çok kibar davrandılar efendim.",2,NA
"117_sg",117,"sg","Bebeğin bakıcısı çok kibar davrandılar efendim.",2,NA
"118_pl",118,"pl","Çocukların dadısı yüksek sesle konuştular efendim.",2,NA
"118_sg",118,"sg","Çocuğun dadısı yüksek sesle konuştular efendim.",2,NA
"119_pl",119,"pl","Futbolcuların sürücüsü çok yavaş çalıştılar efendim.",2,NA
"119_sg",119,"sg","Futbolcunun sürücüsü çok yavaş çalıştılar efendim.",2,NA
"120_pl",120,"pl","Modacıların taksicisi saatlerce durmaksızın içtiler efendim.",2,NA
"120_sg",120,"sg","Modacının taksicisi saatlerce durmaksızın içtiler efendim.",2,NA
"121_pl",121,"pl","Sanatçıların çalgıcısı feci bir şekilde öldüler efendim.",2,NA
"121_sg",121,"sg","Sanatçının çalgıcısı feci bir şekilde öldüler efendim.",2,NA
"122_pl",122,"pl","Dedektiflerin dişçisi ilk kez çılgınca eğlendiler efendim.",1,NA
"122_sg",122,"sg","Dedektifin dişçisi ilk kez çılgınca eğlendiler efendim.",1,NA
"123_pl",123,"pl","Esnafların müşterisi şikayettten hemen sonra sustular efendim.",3,NA
"123_sg",123,"sg","Esnafın müşterisi şikayettten hemen sonra sustular efendim.",3,NA
"124_pl",124,"pl","Şarkıcıların koruması her zamanki gibi geciktiler efendim.",3,NA
"124_sg",124,"sg","Şarkıcının koruması her zamanki gibi geciktiler efendim.",3,NA
"125_pl",125,"pl","Göstericilerin izleyicisi akşama kadar sessizce oturdular efendim.",3,NA
"125_sg",125,"sg","Göstericinin izleyicisi akşama kadar sessizce oturdular efendim.",3,NA
"126_pl",126,"pl","Cerrahların hastası akşamki gösteriden önce kaçtılar efendim.",2,NA
"126_sg",126,"sg","Cerrahın hastası akşamki gösteriden önce kaçtılar efendim.",2,NA
"127_pl",127,"pl","Dalgıçların annesi bile bile geç kaldılar efendim.",4,NA
"127_sg",127,"sg","Dalgıcın annesi bile bile geç kaldılar efendim.",4,NA
"128_pl",128,"pl","Fabrikatörlerin işçisi beklenmedik bir anda hastalandılar efendim.",1,NA
"128_sg",128,"sg","Fabrikatörün işçisi beklenmedik bir anda hastalandılar efendim.",1,NA
"129_pl",129,"pl","Komedyenlerin yardımcısı poyrazdan dolayı üşüdüler efendim.",2,NA
"129_sg",129,"sg","Komedyenin yardımcısı poyrazdan dolayı üşüdüler efendim.",2,NA
"130_pl",130,"pl","Şoförlerin yolcusu yemekten sonra yine acıktılar efendim.",3,NA
"130_sg",130,"sg","Şoförün yolcusu yemekten sonra yine acıktılar efendim.",3,NA
"131_pl",131,"pl","Mühendislerin kapıcısı erken ödemeden dolayı sevindiler efendim.",1,NA
"131_sg",131,"sg","Mühendisin kapıcısı erken ödemeden dolayı sevindiler efendim.",1,NA
"132_pl",132,"pl","Pazarcıların nakliyecisi mesaiden hemen sonra uzandılar efendim.",2,NA
"132_sg",132,"sg","Pazarcının nakliyecisi mesaiden hemen sonra uzandılar efendim.",2,NA
"133_pl",133,"pl","Oyuncuların eğitimcisi ilk denemede epey zorlandılar efendim.",4,NA
"133_sg",133,"sg","Oyuncunun eğitimcisi ilk denemede epey zorlandılar efendim.",4,NA
"134_pl",134,"pl","Mankenlerin modacısı geç bir vakitte kalktılar efendim.",4,NA
"134_sg",134,"sg","Mankenin modacısı geç bir vakitte kalktılar efendim.",4,NA
"135_pl",135,"pl","Konukların teyzesi müthiş bir ağrıyla uyandılar efendim.",3,NA
"135_sg",135,"sg","Konuğun teyzesi müthiş bir ağrıyla uyandılar efendim.",3,NA
"136_pl",136,"pl","Oğlanların amcası boş bir caddede yürüdüler efendim.",3,NA
"136_sg",136,"sg","Oğlanın amcası boş bir caddede yürüdüler efendim.",3,NA
"137_pl",137,"pl","Avukatların komşusu toplantıdan sonra birden sarardılar efendim.",3,NA
"137_sg",137,"sg","Avukatın komşusu toplantıdan sonra birden sarardılar efendim.",3,NA
"138_pl",138,"pl","Ünlülerin falcısı yabancı bir ülkede kayboldular efendim.",2,NA
"138_sg",138,"sg","Ünlünün falcısı yabancı bir ülkede kayboldular efendim.",2,NA
"139_pl",139,"pl","Çiftçilerin bekçisi normalden çok yavaş gezindiler efendim.",2,NA
"139_sg",139,"sg","Çiftçinin bekçisi normalden çok yavaş gezindiler efendim.",2,NA
"140_pl",140,"pl","Kadınların ninesi geçen seneye göre dinçleştiler efendim.",4,NA
"140_sg",140,"sg","Kadının ninesi geçen seneye göre dinçleştiler efendim.",4,NA
